qid,verdict,confidence,note,question,gold_ids,gold_names
62912,OK,high,,Sau khi Giấy phép thăm dò khoáng sản hết hiệu lực tổ chức thăm dò khoáng sản có nghĩa vụ gì?,117172,Luat-khoang-san-2010-115263
12044,OK,high,,Nhà đầu tư dự án PPP được đề nghị lựa chọn khi đáp ứng các điều kiện nào?,144472,Luat-Dau-tu-theo-hinh-thuc-doi-tac-cong-tu-so-64-2020-QH14-3
104916,OK,high,"Mục 20 -> III. CHỐNG CHỈ ĐỊNH, 7 khoản. 190541 cũng có chống chỉ định cho chân chữ X nhưng là PHẪU THUẬT, khác thủ thuật",Nắn chỉnh hình tật chân chữ X chống chỉ định khi nào?,171181,Quyet-dinh-199-QD-BYT-2014-Huong-dan-quy-trinh-ky-thuat-chuy
80452,OK,high,Điều 34 (người quản lý). Cẩn thận Điều 5 (công chức) và Điều 43 (người đại diện) cùng tên 'Căn cứ đánh giá',Căn cứ đánh giá phân loại người quản lý tại các đơn vị thuộc Ngân hàng Nhà nước là gì?,164915,Quyet-dinh-2599-QD-NHNN-2015-ve-danh-gia-phan-loai-cong-chuc
14964,OK,medium,"Điều 22 khoản 6 + Điều 23. Luật không nói được/không được, chỉ quy định thủ tục cấp lại -> trả lời gián tiếp",Hiện tại muốn đăng ký kết hôn thì có xin lại Giấy xác nhận tình trạng hôn nhân được không? ,60283,Nghi-dinh-123-2015-ND-CP-huong-dan-Luat-ho-tich-282304
144420,OK,high,"Điều 24 (thông tin công bố), không phải Điều 23 (thời gian)",Danh sách người giám định tư pháp theo vụ việc được công bố với những thông tin nào?,260763,Nghi-dinh-85-2013-ND-CP-huong-dan-thi-hanh-Luat-giam-dinh-tu
140348,OK,high,"50881 chính (mục Đối tượng thực hiện), 170066 bổ trợ (Điều 2 đối tượng áp dụng)",Những đối tượng nào thực hiện đăng ký tham gia bảo hiểm xã hội tự nguyện trên Cổng Dịch vụ công?,50881|170066,Quyet-dinh-49-QD-BHXH-2023-dich-vu-cong-truc-tuyen-Dang-ky-t ‖ Nghi-dinh-134-2015-ND-CP-huong-dan-Luat-Bao-hiem-xa-hoi-ve-b
125300,OK,high,"Điều 16 khoản 5, trùng nguyên văn tiêu đề kể cả cụm loại trừ 'trừ cao dược liệu'",Cách ghi tên bán thành phẩm dược liệu trừ cao dược liệu trong công thức thuốc như thế nào?,298928,Thong-tu-01-2018-TT-BYT-ghi-nhan-thuoc-nguyen-lieu-lam-thuoc
79406,OK,high,"Điều 4 'Tiêu chuẩn tuyển quân': tuổi đời, chính trị, sức khỏe, văn hóa",Tiêu chuẩn tuyển quân đi thực hiện nghĩa vụ quân sự theo quy định pháp luật ,297709,Thong-tu-148-2018-TT-BQP-quy-dinh-tuyen-chon-va-goi-cong-dan
119006,N-TRUNC,high,"doc 169533 chỉ 1.347 ký tự, chỉ có phần Quyết định; Quy chế nằm ở FILE ĐÍNH KÈM không có trong corpus",Khu dân cư đề nghị công nhận danh hiệu Khu dân cư sức khỏe thì hồ sơ gồm những gì?,169533,Quyet-dinh-1467-QD-BYT-quy-che-cong-nhan-danh-hieu-Gia-dinh-
68836,N-ALTOK,high,"162267 (HNX), 86112 (UPCoM), 295542 (phái sinh) cùng quy tắc ưu tiên giá-thời gian; câu hỏi không nêu sàn",Sở giao dịch chứng khoán thực hiện so khớp lệnh mua chứng khoán và lệnh bán chứng khoán theo thứ tự ưu tiên nào?,201484,Quyet-dinh-352-QD-SGDHCM-2021-Quy-che-giao-dich-tai-So-Giao-
80250,OK,high,"Điều 65 (bắt buộc), không phải Điều 39 (tự nguyện). Cụm '0,8 mức lương cơ sở' duy nhất trong corpus","Trong các cơ sở cai nghiện ma túy bắt buộc thì chế độ ăn, uống, mặc ra sao?",230411,Nghi-dinh-116-2021-ND-CP-huong-dan-Luat-Phong-chong-ma-tuy-v
45110,OK,high,"128696 chính (cụm 'Giấy thông hành nhập xuất cảnh' duy nhất trong corpus), 52666 khung pháp lý bổ trợ",Giấy thông hành nhập xuất cảnh được hiểu như thế nào?,52666|128696,Luat-Xuat-canh-nhap-canh-cua-cong-dan-Viet-Nam-2019-402073 ‖ Thong-tu-43-2011-TT-BCA-huong-dan-cap-giay-thong-hanh-nhap-x
116370,N-CONSOLID,high,"288036 = Văn bản hợp nhất 03/VBHN-BGDĐT 2017, gộp TT 28/2009 + TT 15/2017. CÙNG Điều 6, CÙNG 19 tiết -> trùng lặp nội dung trong kho, KHÔNG phải xung đột phiên bản",Giáo viên trường trung học cơ sở dạy bao nhiêu tiết trong một tuần?,1178,Thong-tu-28-2009-TT-BGDDT-quy-dinh-che-do-lam-viec-giao-vien
53428,OK,high,Luật dùng 'Giấy chứng nhận kết hôn' (khoản 7 Điều 4); câu hỏi dùng từ dân gian -> R-TERM thuần,Giấy đăng ký kết hôn là gì?,157168,Luat-Ho-tich-2014-259727
22056,OK,high,"Khoản 3 Điều 8 điểm e: Cục Chính sách TCCT chủ trì kiểm tra. Điểm đ/g là chỉ đạo/CSDL, khác động từ","Việc kiểm tra công tác lập bản đồ tìm kiếm, quy tập hài cốt liệt sĩ thuộc trách nhiệm của cơ quan nhà nước nào?",218870,Thong-tu-80-2022-TT-BQP-to-chuc-tim-kiem-quy-tap-hai-cot-lie
106112,OK,high,Điều 54 khoản 2: chuyển nhượng thì thời hạn là thời gian còn lại. 'Cát sỏi' chỉ là nhiễu bối cảnh,Doanh nghiệp nhượng quyền khai thác cát sỏi lòng sông cho doanh nghiệp khác thì thời hạn khai thác có được tính lại từ đầu hay không?,117172,Luat-khoang-san-2010-115263
105936,OK,high,Điều 25 trùng nguyên văn tiêu đề câu hỏi,Điều kiện của tổ chức được đứng tên công bố tiêu chuẩn áp dụng hoặc đăng ký lưu hành trang thiết bị y tế,222206,Nghi-dinh-98-2021-ND-CP-quan-ly-trang-thiet-bi-y-te-493940
117476,OK,high,"Mục 2 'Quy trình vệ sinh buồng phẫu thuật giữa hai ca phẫu thuật', 6 bước",Quy trình vệ sinh buồng phẫu thuật giữa hai ca phẫu thuật thực hiện các bước ra sao?,292700,Quyet-dinh-4290-QD-BYT-ve-sinh-moi-truong-be-mat-khu-phau-th
139594,OK,high,"Điều 17 khoản 1, 3 trường hợp. Điều 38/42 là chữ ký số CHUYÊN DÙNG, không phải công cộng",Giấy phép cung cấp dịch vụ chứng thực chữ ký số công cộng bị tạm đình chỉ trong trường hợp nào?,129113,Nghi-dinh-130-2018-ND-CP-huong-dan-Luat-Giao-dich-dien-tu-ve
142282,OK,high,Điều 157. 160120 (Luật TTHC) Điều 358 gần trùng từng chữ nhưng câu hỏi ghi rõ 'tố tụng dân sự',"Nghĩa vụ chịu chi phí xem xét, thẩm định tại chỗ tố tụng dân sự? ",46918,Bo-luat-to-tung-dan-su-2015-296861
37626,N-WRONG,high,"Gold thứ hai 72265 là LUẬT CƯ TRÚ 2020, không liên quan; Ctrl-F 'khai hải quan' = 0 kết quả. 194646 đúng (Mẫu số 03). Recall câu này trần 0,5",Mẫu Chứng chỉ nghiệp vụ khai hải quan mới nhất ra sao?,194646|72265,Thong-tu-79-2022-TT-BTC-sua-doi-van-ban-quy-pham-phap-luat-5 ‖ Luat-68-2020-QH14-cu-tru-435315
5576,N-CONSOLID,high,"15491 = Văn bản hợp nhất 14/VBHN-VPQH 2019, gộp Luật Kế toán 2015. CÙNG Điều 62, CÙNG 15 ngày -> trùng lặp nội dung",Thời hạn cấp Giấy chứng nhận đủ điều kiện kinh doanh dịch vụ kế toán đối với Công ty hợp danh là bao lâu?,130251,Luat-ke-toan-2015-298369
105248,OK,high,"Điều 7 khoản 1. 281013 có 'cỡ chữ ít nhất là 12' nhưng cho hợp đồng bán hàng đa cấp, khác đối tượng",Ngôn ngữ sử dụng trong hợp đồng theo mẫu được quy định như thế nào?,203090,Nghi-dinh-99-2011-ND-CP-huong-dan-Luat-Bao-ve-quyen-loi-nguo
4792,N-ALTOK,medium,"190257 (TT 59/2015) nêu lại quy tắc 30% kèm ví dụ, cũng trả lời được. LƯU Ý P2: doc 23402 name rỗng + khối quốc hiệu lặp 2 lần (lỗi parse)",Lao động nữ được nghỉ dưỡng sức và phục hồi sau khi sẩy thai cần đảm bảo quy định như thế nào?,23402,?
135934,OK,high,"Điều 10 khoản 2, 10 điểm a-k",Nội dung của giấy phép nhân viên hàng không phải có những nội dung nào?,166590,Thong-tu-10-2018-TT-BGTVT-nhan-vien-hang-khong-huan-luyen-ng
75378,OK,medium,Điều 6 khoản 2; ĐHQG có trong phạm vi Điều 1 khoản 2. 144362 (TT 48/2020) liệt kê cùng danh sách nhưng theo nghĩa được sử dụng cơ sở trên địa bàn,Cơ sở vật chất để phục vụ cho hoạt động thể thao của đại học quốc gia gồm những gì?,93621,Nghi-dinh-11-2015-ND-CP-giao-duc-the-chat-hoat-dong-the-thao
64620,OK,high,Điều 3 khoản 3 + Điều 4 nguyên tắc + Điều 11 các trường hợp,"Thông tin khách hàng liên quan đến giao dịch nộp tiền, chuyển tiền có bị cung cấp hay không?",232521,Nghi-dinh-117-2018-ND-CP-giu-bi-mat-cung-cap-thong-tin-khach
72846,N-VERSION,high,"232314 = NĐ 64/2022 khoản 10 SỬA ĐỔI khoản 3 Điều 20, Mẫu số 10 chuyển sang Phụ lục NĐ mới. Câu hỏi có ""hiện nay"" -> bản sửa ĐÚNG HƠN gold. Ca duy nhất thuộc loại này trong 30 câu",Giấy chứng nhận xóa đăng ký quyền sở hữu tàu bay hiện nay được Cục hàng không Việt Nam cấp theo mẫu nào?,72062,Nghi-dinh-68-2015-ND-CP-quy-dinh-dang-ky-quoc-tich-va-dang-k
45034,OK,high,Điều 8 khoản 3a: 12 tháng. Doc có marker ĐÍNH KÈM nhưng thân vẫn trả lời đủ -> ATTACH không đồng nghĩa N-TRUNC,Giấy khám sức khỏe của người lao động có thời hạn sử dụng trong bao lâu?,196659,Thong-tu-14-2013-TT-BYT-huong-dan-kham-suc-khoe-185665
